<?xml version="1.0" encoding="UTF-8"?><idempiere Name="DefaultIncludedRoles" Version="1.0.0" idempiereVersion="" DataBaseVersion="" Description="" Author="" AuthorEmail="" CreatedDate="2020-09-19 11:57:00.179" UpdatedDate="2020-09-19 11:57:00.179" PackOutVersion="100" UpdateDictionary="false" Client="0-SYSTEM-System" AD_Client_UU="11237b53-9592-4af1-b3c5-afd216514b5d">
    <AD_Package_Exp type="table">
        <AD_Client_ID>0</AD_Client_ID>
        <AD_Org_ID>0</AD_Org_ID>
        <AD_Package_Type>X</AD_Package_Type>
        <EMail/>
        <Instructions/>
        <Name>DefaultIncludedRoles</Name>
        <Processed>N</Processed>
        <ReleaseNo/>
        <Version/>
        <UserName/>
        <Processing>N</Processing>
        <PK_Version>1.0.0</PK_Version>
        <IsActive>Y</IsActive>
        <File_Directory/>
        <Description/>
        <AD_Package_Exp_UU>640d6aa1-33c3-4d82-9d42-c77d4e1e3a5a</AD_Package_Exp_UU>
        <DateFrom/>
        <IsExportDictionaryEntity>N</IsExportDictionaryEntity>
        <AD_Package_Exp_Detail type="table">
            <AD_Client_ID>0</AD_Client_ID>
            <AD_Org_ID>0</AD_Org_ID>
            <AD_Form_ID reference="id"/>
            <AD_ImpFormat_ID reference="id"/>
            <AD_Menu_ID reference="id"/>
            <AD_Process_ID reference="id"/>
            <AD_Role_ID reference="id">0</AD_Role_ID>
            <AD_Window_ID reference="id"/>
            <AD_Workflow_ID reference="id"/>
            <IsActive>Y</IsActive>
            <File_Directory/>
            <FileName/>
            <Destination_FileName/>
            <Destination_Directory/>
            <Description/>
            <DBType>ALL</DBType>
            <Type>D</Type>
            <Target_Directory/>
            <SQLStatement>SELECT * FROM AD_Package_Exp WHERE AD_Package_Exp_UU='640d6aa1-33c3-4d82-9d42-c77d4e1e3a5a';AD_Package_Exp_Detail</SQLStatement>
            <ReleaseNo/>
            <Processing>N</Processing>
            <Processed>N</Processed>
            <Name2/>
            <Line>10</Line>
            <AD_Workbench_ID reference="id"/>
            <AD_Table_ID reference="id">50005</AD_Table_ID>
            <AD_ReportView_ID reference="id"/>
            <AD_Package_Exp_ID reference="uuid" reference-key="AD_Package_Exp">640d6aa1-33c3-4d82-9d42-c77d4e1e3a5a</AD_Package_Exp_ID>
            <AD_Package_Code_New/>
            <AD_Package_Code_Old/>
            <AD_Val_Rule_ID reference="id"/>
            <AD_Message_ID reference="id"/>
            <AD_PrintFormat_ID reference="id"/>
            <AD_Reference_ID reference="id"/>
            <AD_ModelValidator_ID reference="id"/>
            <AD_EntityType_ID reference="id"/>
            <AD_Package_Exp_Detail_UU>fc5dbfe0-6af7-4591-b7fd-754d1782cfa4</AD_Package_Exp_Detail_UU>
            <AD_InfoWindow_ID reference="id">200000</AD_InfoWindow_ID>
        </AD_Package_Exp_Detail>
        <AD_Package_Exp_Detail type="table">
            <AD_Client_ID>0</AD_Client_ID>
            <AD_Org_ID>0</AD_Org_ID>
            <AD_Form_ID reference="id"/>
            <AD_ImpFormat_ID reference="id"/>
            <AD_Menu_ID reference="uuid" reference-key="AD_Menu">3d3f1f81-5230-4fce-8c04-39571fdcfd35</AD_Menu_ID>
            <AD_Process_ID reference="id"/>
            <AD_Role_ID reference="id">0</AD_Role_ID>
            <AD_Window_ID reference="id"/>
            <AD_Workflow_ID reference="id"/>
            <IsActive>Y</IsActive>
            <File_Directory/>
            <FileName/>
            <Destination_FileName/>
            <Destination_Directory/>
            <Description/>
            <DBType>ALL</DBType>
            <Type>M</Type>
            <Target_Directory/>
            <SQLStatement/>
            <ReleaseNo/>
            <Processing>N</Processing>
            <Processed>N</Processed>
            <Name2/>
            <Line>20</Line>
            <AD_Workbench_ID reference="id"/>
            <AD_Table_ID reference="id"/>
            <AD_ReportView_ID reference="id"/>
            <AD_Package_Exp_ID reference="uuid" reference-key="AD_Package_Exp">640d6aa1-33c3-4d82-9d42-c77d4e1e3a5a</AD_Package_Exp_ID>
            <AD_Package_Code_New/>
            <AD_Package_Code_Old/>
            <AD_Val_Rule_ID reference="id"/>
            <AD_Message_ID reference="id"/>
            <AD_PrintFormat_ID reference="id"/>
            <AD_Reference_ID reference="id"/>
            <AD_ModelValidator_ID reference="id"/>
            <AD_EntityType_ID reference="id"/>
            <AD_Package_Exp_Detail_UU>474cb676-21d8-4700-b79d-2eb3c15a3dc1</AD_Package_Exp_Detail_UU>
            <AD_InfoWindow_ID reference="id">200000</AD_InfoWindow_ID>
        </AD_Package_Exp_Detail>
        <AD_Package_Exp_Detail type="table">
            <AD_Client_ID>0</AD_Client_ID>
            <AD_Org_ID>0</AD_Org_ID>
            <AD_Form_ID reference="id"/>
            <AD_ImpFormat_ID reference="id"/>
            <AD_Menu_ID reference="id"/>
            <AD_Process_ID reference="id"/>
            <AD_Role_ID reference="id">0</AD_Role_ID>
            <AD_Window_ID reference="id"/>
            <AD_Workflow_ID reference="id"/>
            <IsActive>Y</IsActive>
            <File_Directory/>
            <FileName/>
            <Destination_FileName/>
            <Destination_Directory/>
            <Description/>
            <DBType>ALL</DBType>
            <Type>REF</Type>
            <Target_Directory/>
            <SQLStatement/>
            <ReleaseNo/>
            <Processing>N</Processing>
            <Processed>N</Processed>
            <Name2/>
            <Line>30</Line>
            <AD_Workbench_ID reference="id"/>
            <AD_Table_ID reference="id"/>
            <AD_ReportView_ID reference="id"/>
            <AD_Package_Exp_ID reference="uuid" reference-key="AD_Package_Exp">640d6aa1-33c3-4d82-9d42-c77d4e1e3a5a</AD_Package_Exp_ID>
            <AD_Package_Code_New/>
            <AD_Package_Code_Old/>
            <AD_Val_Rule_ID reference="id"/>
            <AD_Message_ID reference="id"/>
            <AD_PrintFormat_ID reference="id"/>
            <AD_Reference_ID reference="uuid" reference-key="AD_Reference">5b41f508-5ce5-4b42-80de-713e10580d51</AD_Reference_ID>
            <AD_ModelValidator_ID reference="id"/>
            <AD_EntityType_ID reference="id"/>
            <AD_Package_Exp_Detail_UU>33f8bbdc-57f0-4031-bd8a-131078b97dc2</AD_Package_Exp_Detail_UU>
            <AD_InfoWindow_ID reference="id">200000</AD_InfoWindow_ID>
        </AD_Package_Exp_Detail>
    </AD_Package_Exp>
    <AD_Menu type="table">
        <Parent_ID reference="id">156</Parent_ID>
        <SeqNo>10</SeqNo>
        <AD_Client_ID>0</AD_Client_ID>
        <AD_Org_ID>0</AD_Org_ID>
        <Name>Default Included Roles</Name>
        <Description/>
        <Action>W</Action>
        <AD_Window_ID reference="uuid" reference-key="AD_Window">149e9eb5-d2ba-4421-9a02-eed664f5d369</AD_Window_ID>
        <AD_Workflow_ID reference="id"/>
        <AD_Task_ID reference="id"/>
        <IsActive>Y</IsActive>
        <IsSummary>N</IsSummary>
        <AD_Process_ID reference="id"/>
        <IsSOTrx>Y</IsSOTrx>
        <AD_Form_ID reference="id"/>
        <IsReadOnly>N</IsReadOnly>
        <EntityType>U</EntityType>
        <IsCentrallyMaintained>Y</IsCentrallyMaintained>
        <AD_Menu_UU>3d3f1f81-5230-4fce-8c04-39571fdcfd35</AD_Menu_UU>
        <AD_InfoWindow_ID reference="id"/>
        <AD_Menu_Trl type="translation">
            <Name>Default Included Roles</Name>
            <Description/>
            <AD_Language>zh_CN</AD_Language>
            <IsActive>Y</IsActive>
            <IsTranslated>N</IsTranslated>
        </AD_Menu_Trl>
        <AD_Window type="table">
            <AD_Client_ID>0</AD_Client_ID>
            <AD_Org_ID>0</AD_Org_ID>
            <Name>Default Included Roles</Name>
            <Description>The default roles that will be added to the roles created on new clients</Description>
            <Help/>
            <IsActive>Y</IsActive>
            <WindowType>M</WindowType>
            <Processing>N</Processing>
            <AD_Color_ID reference="id"/>
            <AD_Image_ID reference="id"/>
            <EntityType>U</EntityType>
            <IsSOTrx>Y</IsSOTrx>
            <IsDefault>N</IsDefault>
            <WinHeight>0</WinHeight>
            <WinWidth>0</WinWidth>
            <IsBetaFunctionality>N</IsBetaFunctionality>
            <AD_Window_UU>149e9eb5-d2ba-4421-9a02-eed664f5d369</AD_Window_UU>
            <TitleLogic/>
            <AD_Window_Trl type="translation">
                <Help/>
                <Name>Default Included Roles</Name>
                <Description>The default roles that will be added to the roles created on new clients</Description>
                <AD_Language>zh_CN</AD_Language>
                <IsActive>Y</IsActive>
                <IsTranslated>N</IsTranslated>
            </AD_Window_Trl>
            <AD_Table type="table">
                <AD_Client_ID>0</AD_Client_ID>
                <AD_Org_ID>0</AD_Org_ID>
                <Name>Default Included Roles</Name>
                <Description/>
                <Help/>
                <AD_Window_ID reference="id"/>
                <AD_Val_Rule_ID reference="id"/>
                <TableName>BH_DefaultIncludedRole</TableName>
                <LoadSeq>0</LoadSeq>
                <AccessLevel>4</AccessLevel>
                <IsActive>Y</IsActive>
                <IsSecurityEnabled>N</IsSecurityEnabled>
                <IsDeleteable>Y</IsDeleteable>
                <IsHighVolume>N</IsHighVolume>
                <IsView>N</IsView>
                <EntityType>U</EntityType>
                <ImportTable>N</ImportTable>
                <IsChangeLog>Y</IsChangeLog>
                <ReplicationType>L</ReplicationType>
                <PO_Window_ID reference="id"/>
                <CopyColumnsFromTable>N</CopyColumnsFromTable>
                <IsCentrallyMaintained>Y</IsCentrallyMaintained>
                <AD_Table_UU>a95d4001-2395-455c-ba84-d0fde11147bc</AD_Table_UU>
                <Processing>N</Processing>
                <DatabaseViewDrop>N</DatabaseViewDrop>
                <CopyComponentsFromView>N</CopyComponentsFromView>
                <CreateWindowFromTable>N</CreateWindowFromTable>
                <AD_Element type="table">
                    <AD_Client_ID>0</AD_Client_ID>
                    <AD_Org_ID>0</AD_Org_ID>
                    <IsActive>Y</IsActive>
                    <ColumnName>BH_DefaultIncludedRole_ID</ColumnName>
                    <Name>Default Included Roles</Name>
                    <Description/>
                    <Help/>
                    <PrintName>Default Included Roles</PrintName>
                    <PO_Description/>
                    <PO_Help/>
                    <PO_Name/>
                    <PO_PrintName/>
                    <EntityType>U</EntityType>
                    <AD_Element_UU>e0e3fd93-43d5-4925-9be9-6bd14e65ac31</AD_Element_UU>
                    <Placeholder/>
                    <AD_Element_Trl type="translation">
                        <Help/>
                        <PO_Description/>
                        <PO_Help/>
                        <Name>Default Included Roles</Name>
                        <Description/>
                        <PrintName>Default Included Roles</PrintName>
                        <PO_Name/>
                        <PO_PrintName/>
                        <Placeholder/>
                        <AD_Language>zh_CN</AD_Language>
                        <IsActive>Y</IsActive>
                        <IsTranslated>N</IsTranslated>
                    </AD_Element_Trl>
                </AD_Element>
                <AD_Column type="table">
                    <IsSyncDatabase>Y</IsSyncDatabase>
                    <AD_Table_ID reference="uuid" reference-key="AD_Table">a95d4001-2395-455c-ba84-d0fde11147bc</AD_Table_ID>
                    <AD_Reference_Value_ID reference="id"/>
                    <AD_Client_ID>0</AD_Client_ID>
                    <AD_Org_ID>0</AD_Org_ID>
                    <Version>1</Version>
                    <Name>Default Included Roles</Name>
                    <Description/>
                    <Help/>
                    <AD_Val_Rule_ID reference="id"/>
                    <ColumnName>BH_DefaultIncludedRole_ID</ColumnName>
                    <DefaultValue/>
                    <FieldLength>22</FieldLength>
                    <IsKey>Y</IsKey>
                    <IsParent>N</IsParent>
                    <IsMandatory>Y</IsMandatory>
                    <IsTranslated>N</IsTranslated>
                    <IsIdentifier>N</IsIdentifier>
                    <SeqNo/>
                    <IsEncrypted>N</IsEncrypted>
                    <AD_Reference_ID reference="id">13</AD_Reference_ID>
                    <IsActive>Y</IsActive>
                    <VFormat/>
                    <Callout/>
                    <AD_Element_ID reference="uuid" reference-key="AD_Element">e0e3fd93-43d5-4925-9be9-6bd14e65ac31</AD_Element_ID>
                    <IsUpdateable>N</IsUpdateable>
                    <AD_Process_ID reference="id"/>
                    <ValueMin/>
                    <ValueMax/>
                    <IsSelectionColumn>N</IsSelectionColumn>
                    <ReadOnlyLogic/>
                    <EntityType>U</EntityType>
                    <IsAlwaysUpdateable>N</IsAlwaysUpdateable>
                    <ColumnSQL/>
                    <MandatoryLogic/>
                    <IsAutocomplete>N</IsAutocomplete>
                    <IsAllowLogging>Y</IsAllowLogging>
                    <FormatPattern/>
                    <AD_Chart_ID reference="id"/>
                    <AD_Column_UU>c0e99c09-67e0-4034-a64c-042a2510e8cc</AD_Column_UU>
                    <IsAllowCopy>N</IsAllowCopy>
                    <SeqNoSelection/>
                    <IsToolbarButton>N</IsToolbarButton>
                    <IsSecure>N</IsSecure>
                    <FKConstraintName/>
                    <FKConstraintType>N</FKConstraintType>
                    <PA_DashboardContent_ID reference="id"/>
                    <Placeholder/>
                    <IsHtml>N</IsHtml>
                </AD_Column>
                <AD_Column type="table">
                    <IsSyncDatabase>Y</IsSyncDatabase>
                    <AD_Table_ID reference="uuid" reference-key="AD_Table">a95d4001-2395-455c-ba84-d0fde11147bc</AD_Table_ID>
                    <AD_Reference_Value_ID reference="id"/>
                    <AD_Client_ID>0</AD_Client_ID>
                    <AD_Org_ID>0</AD_Org_ID>
                    <Version>1</Version>
                    <Name>Client</Name>
                    <Description>Client/Tenant for this installation.</Description>
                    <Help>A Client is a company or a legal entity. You cannot share data between Clients. Tenant is a synonym for Client.</Help>
                    <AD_Val_Rule_ID reference="id">129</AD_Val_Rule_ID>
                    <ColumnName>AD_Client_ID</ColumnName>
                    <DefaultValue>@#AD_Client_ID@</DefaultValue>
                    <FieldLength>22</FieldLength>
                    <IsKey>N</IsKey>
                    <IsParent>N</IsParent>
                    <IsMandatory>Y</IsMandatory>
                    <IsTranslated>N</IsTranslated>
                    <IsIdentifier>N</IsIdentifier>
                    <SeqNo/>
                    <IsEncrypted>N</IsEncrypted>
                    <AD_Reference_ID reference="id">19</AD_Reference_ID>
                    <IsActive>Y</IsActive>
                    <VFormat/>
                    <Callout/>
                    <AD_Element_ID reference="id">102</AD_Element_ID>
                    <IsUpdateable>N</IsUpdateable>
                    <AD_Process_ID reference="id"/>
                    <ValueMin/>
                    <ValueMax/>
                    <IsSelectionColumn>N</IsSelectionColumn>
                    <ReadOnlyLogic/>
                    <EntityType>U</EntityType>
                    <IsAlwaysUpdateable>N</IsAlwaysUpdateable>
                    <ColumnSQL/>
                    <MandatoryLogic/>
                    <IsAutocomplete>N</IsAutocomplete>
                    <IsAllowLogging>Y</IsAllowLogging>
                    <FormatPattern/>
                    <AD_Chart_ID reference="id"/>
                    <AD_Column_UU>94468c98-b66f-4f4e-a6bc-d1d0c0ea08bd</AD_Column_UU>
                    <IsAllowCopy>N</IsAllowCopy>
                    <SeqNoSelection/>
                    <IsToolbarButton>N</IsToolbarButton>
                    <IsSecure>N</IsSecure>
                    <FKConstraintName>ADClient_BHDefaultIncludedRole</FKConstraintName>
                    <FKConstraintType>N</FKConstraintType>
                    <PA_DashboardContent_ID reference="id"/>
                    <Placeholder/>
                    <IsHtml>N</IsHtml>
                </AD_Column>
                <AD_Column type="table">
                    <IsSyncDatabase>Y</IsSyncDatabase>
                    <AD_Table_ID reference="uuid" reference-key="AD_Table">a95d4001-2395-455c-ba84-d0fde11147bc</AD_Table_ID>
                    <AD_Reference_Value_ID reference="id"/>
                    <AD_Client_ID>0</AD_Client_ID>
                    <AD_Org_ID>0</AD_Org_ID>
                    <Version>1</Version>
                    <Name>Organization</Name>
                    <Description>Organizational entity within client</Description>
                    <Help>An organization is a unit of your client or legal entity - examples are store, department. You can share data between organizations.</Help>
                    <AD_Val_Rule_ID reference="id">104</AD_Val_Rule_ID>
                    <ColumnName>AD_Org_ID</ColumnName>
                    <DefaultValue>@#AD_Org_ID@</DefaultValue>
                    <FieldLength>22</FieldLength>
                    <IsKey>N</IsKey>
                    <IsParent>N</IsParent>
                    <IsMandatory>Y</IsMandatory>
                    <IsTranslated>N</IsTranslated>
                    <IsIdentifier>N</IsIdentifier>
                    <SeqNo/>
                    <IsEncrypted>N</IsEncrypted>
                    <AD_Reference_ID reference="id">19</AD_Reference_ID>
                    <IsActive>Y</IsActive>
                    <VFormat/>
                    <Callout/>
                    <AD_Element_ID reference="id">113</AD_Element_ID>
                    <IsUpdateable>N</IsUpdateable>
                    <AD_Process_ID reference="id"/>
                    <ValueMin/>
                    <ValueMax/>
                    <IsSelectionColumn>N</IsSelectionColumn>
                    <ReadOnlyLogic/>
                    <EntityType>U</EntityType>
                    <IsAlwaysUpdateable>N</IsAlwaysUpdateable>
                    <ColumnSQL/>
                    <MandatoryLogic/>
                    <IsAutocomplete>N</IsAutocomplete>
                    <IsAllowLogging>Y</IsAllowLogging>
                    <FormatPattern/>
                    <AD_Chart_ID reference="id"/>
                    <AD_Column_UU>a06638f6-7697-48b2-8021-61eee18ccc24</AD_Column_UU>
                    <IsAllowCopy>N</IsAllowCopy>
                    <SeqNoSelection/>
                    <IsToolbarButton>N</IsToolbarButton>
                    <IsSecure>N</IsSecure>
                    <FKConstraintName>ADOrg_BHDefaultIncludedRole</FKConstraintName>
                    <FKConstraintType>N</FKConstraintType>
                    <PA_DashboardContent_ID reference="id"/>
                    <Placeholder/>
                    <IsHtml>N</IsHtml>
                </AD_Column>
                <AD_Element type="table">
                    <AD_Client_ID>0</AD_Client_ID>
                    <AD_Org_ID>0</AD_Org_ID>
                    <IsActive>Y</IsActive>
                    <ColumnName>BH_DefaultIncludedRole_UU</ColumnName>
                    <Name>BH_DefaultIncludedRole_UU</Name>
                    <Description/>
                    <Help/>
                    <PrintName>BH_DefaultIncludedRole_UU</PrintName>
                    <PO_Description/>
                    <PO_Help/>
                    <PO_Name/>
                    <PO_PrintName/>
                    <EntityType>U</EntityType>
                    <AD_Element_UU>486aecdc-206c-47a8-b69c-581f6cdaaaae</AD_Element_UU>
                    <Placeholder/>
                    <AD_Element_Trl type="translation">
                        <Help/>
                        <PO_Description/>
                        <PO_Help/>
                        <Name>BH_DefaultIncludedRole_UU</Name>
                        <Description/>
                        <PrintName>BH_DefaultIncludedRole_UU</PrintName>
                        <PO_Name/>
                        <PO_PrintName/>
                        <Placeholder/>
                        <AD_Language>zh_CN</AD_Language>
                        <IsActive>Y</IsActive>
                        <IsTranslated>N</IsTranslated>
                    </AD_Element_Trl>
                </AD_Element>
                <AD_Column type="table">
                    <IsSyncDatabase>Y</IsSyncDatabase>
                    <AD_Table_ID reference="uuid" reference-key="AD_Table">a95d4001-2395-455c-ba84-d0fde11147bc</AD_Table_ID>
                    <AD_Reference_Value_ID reference="id"/>
                    <AD_Client_ID>0</AD_Client_ID>
                    <AD_Org_ID>0</AD_Org_ID>
                    <Version>1.00</Version>
                    <Name>BH_DefaultIncludedRole_UU</Name>
                    <Description/>
                    <Help/>
                    <AD_Val_Rule_ID reference="id"/>
                    <ColumnName>BH_DefaultIncludedRole_UU</ColumnName>
                    <DefaultValue/>
                    <FieldLength>36</FieldLength>
                    <IsKey>N</IsKey>
                    <IsParent>N</IsParent>
                    <IsMandatory>N</IsMandatory>
                    <IsTranslated>N</IsTranslated>
                    <IsIdentifier>N</IsIdentifier>
                    <SeqNo/>
                    <IsEncrypted>N</IsEncrypted>
                    <AD_Reference_ID reference="id">10</AD_Reference_ID>
                    <IsActive>Y</IsActive>
                    <VFormat/>
                    <Callout/>
                    <AD_Element_ID reference="uuid" reference-key="AD_Element">486aecdc-206c-47a8-b69c-581f6cdaaaae</AD_Element_ID>
                    <IsUpdateable>Y</IsUpdateable>
                    <AD_Process_ID reference="id"/>
                    <ValueMin/>
                    <ValueMax/>
                    <IsSelectionColumn>N</IsSelectionColumn>
                    <ReadOnlyLogic/>
                    <EntityType>U</EntityType>
                    <IsAlwaysUpdateable>N</IsAlwaysUpdateable>
                    <ColumnSQL/>
                    <MandatoryLogic/>
                    <IsAutocomplete>N</IsAutocomplete>
                    <IsAllowLogging>Y</IsAllowLogging>
                    <FormatPattern/>
                    <AD_Chart_ID reference="id"/>
                    <AD_Column_UU>f62f2def-c1d4-4ee6-845b-37df3519d66b</AD_Column_UU>
                    <IsAllowCopy>N</IsAllowCopy>
                    <SeqNoSelection/>
                    <IsToolbarButton>N</IsToolbarButton>
                    <IsSecure>N</IsSecure>
                    <FKConstraintName/>
                    <FKConstraintType>N</FKConstraintType>
                    <PA_DashboardContent_ID reference="id"/>
                    <Placeholder/>
                    <IsHtml>N</IsHtml>
                </AD_Column>
                <AD_Column type="table">
                    <IsSyncDatabase>Y</IsSyncDatabase>
                    <AD_Table_ID reference="uuid" reference-key="AD_Table">a95d4001-2395-455c-ba84-d0fde11147bc</AD_Table_ID>
                    <AD_Reference_Value_ID reference="id"/>
                    <AD_Client_ID>0</AD_Client_ID>
                    <AD_Org_ID>0</AD_Org_ID>
                    <Version>1</Version>
                    <Name>Created</Name>
                    <Description>Date this record was created</Description>
                    <Help>The Created field indicates the date that this record was created.</Help>
                    <AD_Val_Rule_ID reference="id"/>
                    <ColumnName>Created</ColumnName>
                    <DefaultValue>SYSDATE</DefaultValue>
                    <FieldLength>7</FieldLength>
                    <IsKey>N</IsKey>
                    <IsParent>N</IsParent>
                    <IsMandatory>Y</IsMandatory>
                    <IsTranslated>N</IsTranslated>
                    <IsIdentifier>N</IsIdentifier>
                    <SeqNo/>
                    <IsEncrypted>N</IsEncrypted>
                    <AD_Reference_ID reference="id">16</AD_Reference_ID>
                    <IsActive>Y</IsActive>
                    <VFormat/>
                    <Callout/>
                    <AD_Element_ID reference="id">245</AD_Element_ID>
                    <IsUpdateable>N</IsUpdateable>
                    <AD_Process_ID reference="id"/>
                    <ValueMin/>
                    <ValueMax/>
                    <IsSelectionColumn>N</IsSelectionColumn>
                    <ReadOnlyLogic/>
                    <EntityType>U</EntityType>
                    <IsAlwaysUpdateable>N</IsAlwaysUpdateable>
                    <ColumnSQL/>
                    <MandatoryLogic/>
                    <IsAutocomplete>N</IsAutocomplete>
                    <IsAllowLogging>Y</IsAllowLogging>
                    <FormatPattern/>
                    <AD_Chart_ID reference="id"/>
                    <AD_Column_UU>aa416182-42b5-4087-b33b-ec0d350be034</AD_Column_UU>
                    <IsAllowCopy>N</IsAllowCopy>
                    <SeqNoSelection/>
                    <IsToolbarButton>N</IsToolbarButton>
                    <IsSecure>N</IsSecure>
                    <FKConstraintName/>
                    <FKConstraintType>N</FKConstraintType>
                    <PA_DashboardContent_ID reference="id"/>
                    <Placeholder/>
                    <IsHtml>N</IsHtml>
                </AD_Column>
                <AD_Column type="table">
                    <IsSyncDatabase>Y</IsSyncDatabase>
                    <AD_Table_ID reference="uuid" reference-key="AD_Table">a95d4001-2395-455c-ba84-d0fde11147bc</AD_Table_ID>
                    <AD_Reference_Value_ID reference="id">110</AD_Reference_Value_ID>
                    <AD_Client_ID>0</AD_Client_ID>
                    <AD_Org_ID>0</AD_Org_ID>
                    <Version>1</Version>
                    <Name>Created By</Name>
                    <Description>User who created this records</Description>
                    <Help>The Created By field indicates the user who created this record.</Help>
                    <AD_Val_Rule_ID reference="id"/>
                    <ColumnName>CreatedBy</ColumnName>
                    <DefaultValue/>
                    <FieldLength>22</FieldLength>
                    <IsKey>N</IsKey>
                    <IsParent>N</IsParent>
                    <IsMandatory>Y</IsMandatory>
                    <IsTranslated>N</IsTranslated>
                    <IsIdentifier>N</IsIdentifier>
                    <SeqNo/>
                    <IsEncrypted>N</IsEncrypted>
                    <AD_Reference_ID reference="id">30</AD_Reference_ID>
                    <IsActive>Y</IsActive>
                    <VFormat/>
                    <Callout/>
                    <AD_Element_ID reference="id">246</AD_Element_ID>
                    <IsUpdateable>N</IsUpdateable>
                    <AD_Process_ID reference="id"/>
                    <ValueMin/>
                    <ValueMax/>
                    <IsSelectionColumn>N</IsSelectionColumn>
                    <ReadOnlyLogic/>
                    <EntityType>U</EntityType>
                    <IsAlwaysUpdateable>N</IsAlwaysUpdateable>
                    <ColumnSQL/>
                    <MandatoryLogic/>
                    <IsAutocomplete>N</IsAutocomplete>
                    <IsAllowLogging>Y</IsAllowLogging>
                    <FormatPattern/>
                    <AD_Chart_ID reference="id"/>
                    <AD_Column_UU>15043cad-1325-455e-baca-a1b526b09027</AD_Column_UU>
                    <IsAllowCopy>N</IsAllowCopy>
                    <SeqNoSelection/>
                    <IsToolbarButton>N</IsToolbarButton>
                    <IsSecure>N</IsSecure>
                    <FKConstraintName/>
                    <FKConstraintType>D</FKConstraintType>
                    <PA_DashboardContent_ID reference="id"/>
                    <Placeholder/>
                    <IsHtml>N</IsHtml>
                </AD_Column>
                <AD_Column type="table">
                    <IsSyncDatabase>Y</IsSyncDatabase>
                    <AD_Table_ID reference="uuid" reference-key="AD_Table">a95d4001-2395-455c-ba84-d0fde11147bc</AD_Table_ID>
                    <AD_Reference_Value_ID reference="id"/>
                    <AD_Client_ID>0</AD_Client_ID>
                    <AD_Org_ID>0</AD_Org_ID>
                    <Version>1</Version>
                    <Name>Description</Name>
                    <Description>Optional short description of the record</Description>
                    <Help>A description is limited to 255 characters.</Help>
                    <AD_Val_Rule_ID reference="id"/>
                    <ColumnName>Description</ColumnName>
                    <DefaultValue/>
                    <FieldLength>255</FieldLength>
                    <IsKey>N</IsKey>
                    <IsParent>N</IsParent>
                    <IsMandatory>N</IsMandatory>
                    <IsTranslated>N</IsTranslated>
                    <IsIdentifier>N</IsIdentifier>
                    <SeqNo/>
                    <IsEncrypted>N</IsEncrypted>
                    <AD_Reference_ID reference="id">10</AD_Reference_ID>
                    <IsActive>Y</IsActive>
                    <VFormat/>
                    <Callout/>
                    <AD_Element_ID reference="id">275</AD_Element_ID>
                    <IsUpdateable>Y</IsUpdateable>
                    <AD_Process_ID reference="id"/>
                    <ValueMin/>
                    <ValueMax/>
                    <IsSelectionColumn>Y</IsSelectionColumn>
                    <ReadOnlyLogic/>
                    <EntityType>U</EntityType>
                    <IsAlwaysUpdateable>N</IsAlwaysUpdateable>
                    <ColumnSQL/>
                    <MandatoryLogic/>
                    <IsAutocomplete>N</IsAutocomplete>
                    <IsAllowLogging>Y</IsAllowLogging>
                    <FormatPattern/>
                    <AD_Chart_ID reference="id"/>
                    <AD_Column_UU>0b6d47bc-6dd5-4257-a99f-0b7ae69c1670</AD_Column_UU>
                    <IsAllowCopy>Y</IsAllowCopy>
                    <SeqNoSelection>10</SeqNoSelection>
                    <IsToolbarButton>N</IsToolbarButton>
                    <IsSecure>N</IsSecure>
                    <FKConstraintName/>
                    <FKConstraintType>N</FKConstraintType>
                    <PA_DashboardContent_ID reference="id"/>
                    <Placeholder/>
                    <IsHtml>N</IsHtml>
                </AD_Column>
                <AD_Column type="table">
                    <IsSyncDatabase>Y</IsSyncDatabase>
                    <AD_Table_ID reference="uuid" reference-key="AD_Table">a95d4001-2395-455c-ba84-d0fde11147bc</AD_Table_ID>
                    <AD_Reference_Value_ID reference="id"/>
                    <AD_Client_ID>0</AD_Client_ID>
                    <AD_Org_ID>0</AD_Org_ID>
                    <Version>1</Version>
                    <Name>Active</Name>
                    <Description>The record is active in the system</Description>
                    <Help>There are two methods of making records unavailable in the system: One is to delete the record, the other is to de-activate the record. A de-activated record is not available for selection, but available for reports.
There are two reasons for de-activating and not deleting records:
(1) The system requires the record for audit purposes.
(2) The record is referenced by other records. E.g., you cannot delete a Business Partner, if there are invoices for this partner record existing. You de-activate the Business Partner and prevent that this record is used for future entries.</Help>
                    <AD_Val_Rule_ID reference="id"/>
                    <ColumnName>IsActive</ColumnName>
                    <DefaultValue>Y</DefaultValue>
                    <FieldLength>1</FieldLength>
                    <IsKey>N</IsKey>
                    <IsParent>N</IsParent>
                    <IsMandatory>Y</IsMandatory>
                    <IsTranslated>N</IsTranslated>
                    <IsIdentifier>N</IsIdentifier>
                    <SeqNo/>
                    <IsEncrypted>N</IsEncrypted>
                    <AD_Reference_ID reference="id">20</AD_Reference_ID>
                    <IsActive>Y</IsActive>
                    <VFormat/>
                    <Callout/>
                    <AD_Element_ID reference="id">348</AD_Element_ID>
                    <IsUpdateable>Y</IsUpdateable>
                    <AD_Process_ID reference="id"/>
                    <ValueMin/>
                    <ValueMax/>
                    <IsSelectionColumn>N</IsSelectionColumn>
                    <ReadOnlyLogic/>
                    <EntityType>U</EntityType>
                    <IsAlwaysUpdateable>N</IsAlwaysUpdateable>
                    <ColumnSQL/>
                    <MandatoryLogic/>
                    <IsAutocomplete>N</IsAutocomplete>
                    <IsAllowLogging>Y</IsAllowLogging>
                    <FormatPattern/>
                    <AD_Chart_ID reference="id"/>
                    <AD_Column_UU>1ecce994-f337-403e-be15-71199292b279</AD_Column_UU>
                    <IsAllowCopy>N</IsAllowCopy>
                    <SeqNoSelection/>
                    <IsToolbarButton>N</IsToolbarButton>
                    <IsSecure>N</IsSecure>
                    <FKConstraintName/>
                    <FKConstraintType>N</FKConstraintType>
                    <PA_DashboardContent_ID reference="id"/>
                    <Placeholder/>
                    <IsHtml>N</IsHtml>
                </AD_Column>
                <AD_Column type="table">
                    <IsSyncDatabase>Y</IsSyncDatabase>
                    <AD_Table_ID reference="uuid" reference-key="AD_Table">a95d4001-2395-455c-ba84-d0fde11147bc</AD_Table_ID>
                    <AD_Reference_Value_ID reference="id"/>
                    <AD_Client_ID>0</AD_Client_ID>
                    <AD_Org_ID>0</AD_Org_ID>
                    <Version>1</Version>
                    <Name>Name</Name>
                    <Description>Alphanumeric identifier of the entity</Description>
                    <Help>The name of an entity (record) is used as an default search option in addition to the search key. The name is up to 60 characters in length.</Help>
                    <AD_Val_Rule_ID reference="id"/>
                    <ColumnName>Name</ColumnName>
                    <DefaultValue/>
                    <FieldLength>60</FieldLength>
                    <IsKey>N</IsKey>
                    <IsParent>N</IsParent>
                    <IsMandatory>N</IsMandatory>
                    <IsTranslated>N</IsTranslated>
                    <IsIdentifier>Y</IsIdentifier>
                    <SeqNo>1</SeqNo>
                    <IsEncrypted>N</IsEncrypted>
                    <AD_Reference_ID reference="id">10</AD_Reference_ID>
                    <IsActive>Y</IsActive>
                    <VFormat/>
                    <Callout/>
                    <AD_Element_ID reference="id">469</AD_Element_ID>
                    <IsUpdateable>Y</IsUpdateable>
                    <AD_Process_ID reference="id"/>
                    <ValueMin/>
                    <ValueMax/>
                    <IsSelectionColumn>Y</IsSelectionColumn>
                    <ReadOnlyLogic/>
                    <EntityType>U</EntityType>
                    <IsAlwaysUpdateable>N</IsAlwaysUpdateable>
                    <ColumnSQL/>
                    <MandatoryLogic/>
                    <IsAutocomplete>N</IsAutocomplete>
                    <IsAllowLogging>Y</IsAllowLogging>
                    <FormatPattern/>
                    <AD_Chart_ID reference="id"/>
                    <AD_Column_UU>82f7b1b2-46ba-4142-8f03-a87b7cfab0c5</AD_Column_UU>
                    <IsAllowCopy>Y</IsAllowCopy>
                    <SeqNoSelection>20</SeqNoSelection>
                    <IsToolbarButton>N</IsToolbarButton>
                    <IsSecure>N</IsSecure>
                    <FKConstraintName/>
                    <FKConstraintType>N</FKConstraintType>
                    <PA_DashboardContent_ID reference="id"/>
                    <Placeholder/>
                    <IsHtml>N</IsHtml>
                </AD_Column>
                <AD_Column type="table">
                    <IsSyncDatabase>Y</IsSyncDatabase>
                    <AD_Table_ID reference="uuid" reference-key="AD_Table">a95d4001-2395-455c-ba84-d0fde11147bc</AD_Table_ID>
                    <AD_Reference_Value_ID reference="id"/>
                    <AD_Client_ID>0</AD_Client_ID>
                    <AD_Org_ID>0</AD_Org_ID>
                    <Version>1</Version>
                    <Name>Updated</Name>
                    <Description>Date this record was updated</Description>
                    <Help>The Updated field indicates the date that this record was updated.</Help>
                    <AD_Val_Rule_ID reference="id"/>
                    <ColumnName>Updated</ColumnName>
                    <DefaultValue>SYSDATE</DefaultValue>
                    <FieldLength>7</FieldLength>
                    <IsKey>N</IsKey>
                    <IsParent>N</IsParent>
                    <IsMandatory>Y</IsMandatory>
                    <IsTranslated>N</IsTranslated>
                    <IsIdentifier>N</IsIdentifier>
                    <SeqNo/>
                    <IsEncrypted>N</IsEncrypted>
                    <AD_Reference_ID reference="id">16</AD_Reference_ID>
                    <IsActive>Y</IsActive>
                    <VFormat/>
                    <Callout/>
                    <AD_Element_ID reference="id">607</AD_Element_ID>
                    <IsUpdateable>N</IsUpdateable>
                    <AD_Process_ID reference="id"/>
                    <ValueMin/>
                    <ValueMax/>
                    <IsSelectionColumn>N</IsSelectionColumn>
                    <ReadOnlyLogic/>
                    <EntityType>U</EntityType>
                    <IsAlwaysUpdateable>N</IsAlwaysUpdateable>
                    <ColumnSQL/>
                    <MandatoryLogic/>
                    <IsAutocomplete>N</IsAutocomplete>
                    <IsAllowLogging>Y</IsAllowLogging>
                    <FormatPattern/>
                    <AD_Chart_ID reference="id"/>
                    <AD_Column_UU>6cec00d8-9bdd-4397-85b4-e90ce87c7b32</AD_Column_UU>
                    <IsAllowCopy>N</IsAllowCopy>
                    <SeqNoSelection/>
                    <IsToolbarButton>N</IsToolbarButton>
                    <IsSecure>N</IsSecure>
                    <FKConstraintName/>
                    <FKConstraintType>N</FKConstraintType>
                    <PA_DashboardContent_ID reference="id"/>
                    <Placeholder/>
                    <IsHtml>N</IsHtml>
                </AD_Column>
                <AD_Column type="table">
                    <IsSyncDatabase>Y</IsSyncDatabase>
                    <AD_Table_ID reference="uuid" reference-key="AD_Table">a95d4001-2395-455c-ba84-d0fde11147bc</AD_Table_ID>
                    <AD_Reference_Value_ID reference="id">110</AD_Reference_Value_ID>
                    <AD_Client_ID>0</AD_Client_ID>
                    <AD_Org_ID>0</AD_Org_ID>
                    <Version>1</Version>
                    <Name>Updated By</Name>
                    <Description>User who updated this records</Description>
                    <Help>The Updated By field indicates the user who updated this record.</Help>
                    <AD_Val_Rule_ID reference="id"/>
                    <ColumnName>UpdatedBy</ColumnName>
                    <DefaultValue/>
                    <FieldLength>22</FieldLength>
                    <IsKey>N</IsKey>
                    <IsParent>N</IsParent>
                    <IsMandatory>Y</IsMandatory>
                    <IsTranslated>N</IsTranslated>
                    <IsIdentifier>N</IsIdentifier>
                    <SeqNo/>
                    <IsEncrypted>N</IsEncrypted>
                    <AD_Reference_ID reference="id">30</AD_Reference_ID>
                    <IsActive>Y</IsActive>
                    <VFormat/>
                    <Callout/>
                    <AD_Element_ID reference="id">608</AD_Element_ID>
                    <IsUpdateable>N</IsUpdateable>
                    <AD_Process_ID reference="id"/>
                    <ValueMin/>
                    <ValueMax/>
                    <IsSelectionColumn>N</IsSelectionColumn>
                    <ReadOnlyLogic/>
                    <EntityType>U</EntityType>
                    <IsAlwaysUpdateable>N</IsAlwaysUpdateable>
                    <ColumnSQL/>
                    <MandatoryLogic/>
                    <IsAutocomplete>N</IsAutocomplete>
                    <IsAllowLogging>Y</IsAllowLogging>
                    <FormatPattern/>
                    <AD_Chart_ID reference="id"/>
                    <AD_Column_UU>9d9a1fbc-f6d2-45e5-801b-8b3e5fafb7ad</AD_Column_UU>
                    <IsAllowCopy>N</IsAllowCopy>
                    <SeqNoSelection/>
                    <IsToolbarButton>N</IsToolbarButton>
                    <IsSecure>N</IsSecure>
                    <FKConstraintName/>
                    <FKConstraintType>D</FKConstraintType>
                    <PA_DashboardContent_ID reference="id"/>
                    <Placeholder/>
                    <IsHtml>N</IsHtml>
                </AD_Column>
                <AD_Column type="table">
                    <IsSyncDatabase>Y</IsSyncDatabase>
                    <AD_Table_ID reference="uuid" reference-key="AD_Table">a95d4001-2395-455c-ba84-d0fde11147bc</AD_Table_ID>
                    <AD_Reference_Value_ID reference="id">53317</AD_Reference_Value_ID>
                    <AD_Client_ID>0</AD_Client_ID>
                    <AD_Org_ID>0</AD_Org_ID>
                    <Version>0</Version>
                    <Name>Included Role</Name>
                    <Description/>
                    <Help/>
                    <AD_Val_Rule_ID reference="id">200006</AD_Val_Rule_ID>
                    <ColumnName>Included_Role_ID</ColumnName>
                    <DefaultValue/>
                    <FieldLength>10</FieldLength>
                    <IsKey>N</IsKey>
                    <IsParent>N</IsParent>
                    <IsMandatory>N</IsMandatory>
                    <IsTranslated>N</IsTranslated>
                    <IsIdentifier>N</IsIdentifier>
                    <SeqNo>0</SeqNo>
                    <IsEncrypted>N</IsEncrypted>
                    <AD_Reference_ID reference="id">18</AD_Reference_ID>
                    <IsActive>Y</IsActive>
                    <VFormat/>
                    <Callout/>
                    <AD_Element_ID reference="id">53896</AD_Element_ID>
                    <IsUpdateable>Y</IsUpdateable>
                    <AD_Process_ID reference="id"/>
                    <ValueMin/>
                    <ValueMax/>
                    <IsSelectionColumn>N</IsSelectionColumn>
                    <ReadOnlyLogic/>
                    <EntityType>U</EntityType>
                    <IsAlwaysUpdateable>N</IsAlwaysUpdateable>
                    <ColumnSQL/>
                    <MandatoryLogic/>
                    <IsAutocomplete>N</IsAutocomplete>
                    <IsAllowLogging>Y</IsAllowLogging>
                    <FormatPattern/>
                    <AD_Chart_ID reference="id"/>
                    <AD_Column_UU>4f8da42f-2327-4e9b-91bd-143c265a00e9</AD_Column_UU>
                    <IsAllowCopy>Y</IsAllowCopy>
                    <SeqNoSelection>0</SeqNoSelection>
                    <IsToolbarButton>N</IsToolbarButton>
                    <IsSecure>N</IsSecure>
                    <FKConstraintName>IncludedRole_BHDefaultIncluded</FKConstraintName>
                    <FKConstraintType>N</FKConstraintType>
                    <PA_DashboardContent_ID reference="id"/>
                    <Placeholder/>
                    <IsHtml>N</IsHtml>
                </AD_Column>
                <AD_Element type="table">
                    <AD_Client_ID>0</AD_Client_ID>
                    <AD_Org_ID>0</AD_Org_ID>
                    <IsActive>Y</IsActive>
                    <ColumnName>DB_UserType</ColumnName>
                    <Name>UserType</Name>
                    <Description>The User Type when a new client is created</Description>
                    <Help/>
                    <PrintName>User Type</PrintName>
                    <PO_Description/>
                    <PO_Help/>
                    <PO_Name/>
                    <PO_PrintName/>
                    <EntityType>U</EntityType>
                    <AD_Element_UU>a6e5144b-c58b-4128-8e62-e4500b01a5af</AD_Element_UU>
                    <Placeholder/>
                    <AD_Element_Trl type="translation">
                        <Help/>
                        <PO_Description/>
                        <PO_Help/>
                        <Name>UserType</Name>
                        <Description>The User Type when a new client is created</Description>
                        <PrintName>User Type</PrintName>
                        <PO_Name/>
                        <PO_PrintName/>
                        <Placeholder/>
                        <AD_Language>zh_CN</AD_Language>
                        <IsActive>Y</IsActive>
                        <IsTranslated>N</IsTranslated>
                    </AD_Element_Trl>
                </AD_Element>
                <AD_Reference type="table">
                    <AD_Client_ID>0</AD_Client_ID>
                    <AD_Org_ID>0</AD_Org_ID>
                    <Name>AD_Role User Type</Name>
                    <Description>Determines the type of users added to a client</Description>
                    <Help/>
                    <ValidationType>L</ValidationType>
                    <IsActive>Y</IsActive>
                    <VFormat/>
                    <EntityType>U</EntityType>
                    <IsOrderByValue>N</IsOrderByValue>
                    <AD_Reference_UU>5b41f508-5ce5-4b42-80de-713e10580d51</AD_Reference_UU>
                    <AD_Element_ID reference="id"/>
                    <AD_Reference_Trl type="translation">
                        <Help/>
                        <Name>AD_Role User Type</Name>
                        <Description>Determines the type of users added to a client</Description>
                        <AD_Language>zh_CN</AD_Language>
                        <IsActive>Y</IsActive>
                        <IsTranslated>N</IsTranslated>
                    </AD_Reference_Trl>
                    <AD_Ref_List type="table">
                        <AD_Client_ID>0</AD_Client_ID>
                        <AD_Org_ID>0</AD_Org_ID>
                        <Name>Admin</Name>
                        <Description>The admin user added to new clients</Description>
                        <AD_Reference_ID reference="uuid" reference-key="AD_Reference">5b41f508-5ce5-4b42-80de-713e10580d51</AD_Reference_ID>
                        <ValidFrom/>
                        <ValidTo/>
                        <Value>A</Value>
                        <IsActive>Y</IsActive>
                        <EntityType>U</EntityType>
                        <AD_Ref_List_UU>674c3217-bf02-4166-ac90-7e7228328da9</AD_Ref_List_UU>
                        <AD_Ref_List_Trl type="translation">
                            <Description>The admin user added to new clients</Description>
                            <Name>Admin</Name>
                            <AD_Language>zh_CN</AD_Language>
                            <IsActive>Y</IsActive>
                            <IsTranslated>N</IsTranslated>
                        </AD_Ref_List_Trl>
                    </AD_Ref_List>
                    <AD_Ref_List type="table">
                        <AD_Client_ID>0</AD_Client_ID>
                        <AD_Org_ID>0</AD_Org_ID>
                        <Name>User</Name>
                        <Description>The User user added to new clients</Description>
                        <AD_Reference_ID reference="uuid" reference-key="AD_Reference">5b41f508-5ce5-4b42-80de-713e10580d51</AD_Reference_ID>
                        <ValidFrom/>
                        <ValidTo/>
                        <Value>U</Value>
                        <IsActive>Y</IsActive>
                        <EntityType>U</EntityType>
                        <AD_Ref_List_UU>1225f8a5-3f1a-4be3-9fbe-1b93a5467ce4</AD_Ref_List_UU>
                        <AD_Ref_List_Trl type="translation">
                            <Description>The User user added to new clients</Description>
                            <Name>User</Name>
                            <AD_Language>zh_CN</AD_Language>
                            <IsActive>Y</IsActive>
                            <IsTranslated>N</IsTranslated>
                        </AD_Ref_List_Trl>
                    </AD_Ref_List>
                    <AD_Ref_List type="table">
                        <AD_Client_ID>0</AD_Client_ID>
                        <AD_Org_ID>0</AD_Org_ID>
                        <Name>Advanced User</Name>
                        <Description>The Advanced User user added to new clients</Description>
                        <AD_Reference_ID reference="uuid" reference-key="AD_Reference">5b41f508-5ce5-4b42-80de-713e10580d51</AD_Reference_ID>
                        <ValidFrom/>
                        <ValidTo/>
                        <Value>V</Value>
                        <IsActive>Y</IsActive>
                        <EntityType>U</EntityType>
                        <AD_Ref_List_UU>da77ece5-1da7-4e12-a3b5-8ed40dc85617</AD_Ref_List_UU>
                        <AD_Ref_List_Trl type="translation">
                            <Description>The Advanced User user added to new clients</Description>
                            <Name>Advanced User</Name>
                            <AD_Language>zh_CN</AD_Language>
                            <IsActive>Y</IsActive>
                            <IsTranslated>N</IsTranslated>
                        </AD_Ref_List_Trl>
                    </AD_Ref_List>
                </AD_Reference>
                <AD_Column type="table">
                    <IsSyncDatabase>Y</IsSyncDatabase>
                    <AD_Table_ID reference="uuid" reference-key="AD_Table">a95d4001-2395-455c-ba84-d0fde11147bc</AD_Table_ID>
                    <AD_Reference_Value_ID reference="uuid" reference-key="AD_Reference">5b41f508-5ce5-4b42-80de-713e10580d51</AD_Reference_Value_ID>
                    <AD_Client_ID>0</AD_Client_ID>
                    <AD_Org_ID>0</AD_Org_ID>
                    <Version>0</Version>
                    <Name>UserType</Name>
                    <Description>The User Type when a new client is created</Description>
                    <Help/>
                    <AD_Val_Rule_ID reference="id"/>
                    <ColumnName>DB_UserType</ColumnName>
                    <DefaultValue/>
                    <FieldLength>1</FieldLength>
                    <IsKey>N</IsKey>
                    <IsParent>N</IsParent>
                    <IsMandatory>N</IsMandatory>
                    <IsTranslated>N</IsTranslated>
                    <IsIdentifier>N</IsIdentifier>
                    <SeqNo>0</SeqNo>
                    <IsEncrypted>N</IsEncrypted>
                    <AD_Reference_ID reference="id">17</AD_Reference_ID>
                    <IsActive>Y</IsActive>
                    <VFormat/>
                    <Callout/>
                    <AD_Element_ID reference="uuid" reference-key="AD_Element">a6e5144b-c58b-4128-8e62-e4500b01a5af</AD_Element_ID>
                    <IsUpdateable>Y</IsUpdateable>
                    <AD_Process_ID reference="id"/>
                    <ValueMin/>
                    <ValueMax/>
                    <IsSelectionColumn>N</IsSelectionColumn>
                    <ReadOnlyLogic/>
                    <EntityType>U</EntityType>
                    <IsAlwaysUpdateable>N</IsAlwaysUpdateable>
                    <ColumnSQL/>
                    <MandatoryLogic/>
                    <IsAutocomplete>N</IsAutocomplete>
                    <IsAllowLogging>Y</IsAllowLogging>
                    <FormatPattern/>
                    <AD_Chart_ID reference="id"/>
                    <AD_Column_UU>92e1f369-2422-4599-93e7-9e49d90fb94a</AD_Column_UU>
                    <IsAllowCopy>Y</IsAllowCopy>
                    <SeqNoSelection>0</SeqNoSelection>
                    <IsToolbarButton>N</IsToolbarButton>
                    <IsSecure>N</IsSecure>
                    <FKConstraintName/>
                    <FKConstraintType>N</FKConstraintType>
                    <PA_DashboardContent_ID reference="id"/>
                    <Placeholder/>
                    <IsHtml>N</IsHtml>
                </AD_Column>
            </AD_Table>
            <AD_Tab type="table">
                <AD_Client_ID>0</AD_Client_ID>
                <AD_Org_ID>0</AD_Org_ID>
                <Name>Included Role</Name>
                <Description/>
                <Help/>
                <AD_Window_ID reference="uuid" reference-key="AD_Window">149e9eb5-d2ba-4421-9a02-eed664f5d369</AD_Window_ID>
                <SeqNo>10</SeqNo>
                <IsSingleRow>Y</IsSingleRow>
                <AD_Table_ID reference="uuid" reference-key="AD_Table">a95d4001-2395-455c-ba84-d0fde11147bc</AD_Table_ID>
                <IsActive>Y</IsActive>
                <HasTree>N</HasTree>
                <IsInfoTab>N</IsInfoTab>
                <IsTranslationTab>N</IsTranslationTab>
                <IsReadOnly>N</IsReadOnly>
                <AD_Column_ID reference="id"/>
                <WhereClause/>
                <OrderByClause/>
                <CommitWarning/>
                <AD_Process_ID reference="id"/>
                <Processing>N</Processing>
                <AD_Image_ID reference="id"/>
                <ImportFields>N</ImportFields>
                <TabLevel>0</TabLevel>
                <IsSortTab>N</IsSortTab>
                <AD_ColumnSortYesNo_ID reference="id"/>
                <AD_ColumnSortOrder_ID reference="id"/>
                <EntityType>U</EntityType>
                <Included_Tab_ID reference="id"/>
                <ReadOnlyLogic/>
                <DisplayLogic/>
                <IsInsertRecord>Y</IsInsertRecord>
                <IsAdvancedTab>N</IsAdvancedTab>
                <Parent_Column_ID reference="id"/>
                <AD_Tab_UU>6198ffad-d300-416c-8e19-70e069656cbb</AD_Tab_UU>
                <AD_CtxHelp_ID reference="id"/>
                <TreeDisplayedOn>B</TreeDisplayedOn>
                <MaxQueryRecords>0</MaxQueryRecords>
                <AD_Tab_Trl type="translation">
                    <Help/>
                    <CommitWarning/>
                    <Name>Included Role</Name>
                    <Description/>
                    <AD_Language>zh_CN</AD_Language>
                    <IsActive>Y</IsActive>
                    <IsTranslated>N</IsTranslated>
                </AD_Tab_Trl>
                <AD_Field type="table">
                    <AD_Client_ID>0</AD_Client_ID>
                    <AD_Org_ID>0</AD_Org_ID>
                    <Name>Default Included Roles</Name>
                    <Description/>
                    <Help/>
                    <AD_Tab_ID reference="uuid" reference-key="AD_Tab">6198ffad-d300-416c-8e19-70e069656cbb</AD_Tab_ID>
                    <AD_Column_ID reference="uuid" reference-key="AD_Column">c0e99c09-67e0-4034-a64c-042a2510e8cc</AD_Column_ID>
                    <IsDisplayed>N</IsDisplayed>
                    <DisplayLogic/>
                    <DisplayLength>22</DisplayLength>
                    <SeqNo>0</SeqNo>
                    <SortNo/>
                    <IsSameLine>N</IsSameLine>
                    <IsHeading>N</IsHeading>
                    <IsFieldOnly>N</IsFieldOnly>
                    <IsEncrypted>N</IsEncrypted>
                    <IsActive>Y</IsActive>
                    <IsReadOnly>N</IsReadOnly>
                    <IsCentrallyMaintained>Y</IsCentrallyMaintained>
                    <AD_FieldGroup_ID reference="id"/>
                    <EntityType>U</EntityType>
                    <ObscureType/>
                    <AD_Reference_ID reference="id"/>
                    <IsMandatory/>
                    <DefaultValue/>
                    <AD_Reference_Value_ID reference="id"/>
                    <AD_Val_Rule_ID reference="id"/>
                    <Included_Tab_ID reference="id"/>
                    <AD_Field_UU>62a8d429-6bb0-44e6-a836-9900d58f02bf</AD_Field_UU>
                    <IsAllowCopy/>
                    <IsDisplayedGrid>N</IsDisplayedGrid>
                    <SeqNoGrid/>
                    <XPosition>1</XPosition>
                    <ColumnSpan>2</ColumnSpan>
                    <NumLines>1</NumLines>
                    <IsQuickEntry>N</IsQuickEntry>
                    <IsUpdateable/>
                    <IsAlwaysUpdateable/>
                    <MandatoryLogic/>
                    <ReadOnlyLogic/>
                    <IsToolbarButton/>
                    <IsDefaultFocus>N</IsDefaultFocus>
                    <IsAdvancedField>N</IsAdvancedField>
                    <VFormat/>
                    <AD_LabelStyle_ID reference="id"/>
                    <AD_FieldStyle_ID reference="id"/>
                    <IsQuickForm>N</IsQuickForm>
                    <Placeholder/>
                    <AD_Field_Trl type="translation">
                        <Help/>
                        <Description/>
                        <Name>Default Included Roles</Name>
                        <Placeholder/>
                        <AD_Language>zh_CN</AD_Language>
                        <IsActive>Y</IsActive>
                        <IsTranslated>N</IsTranslated>
                    </AD_Field_Trl>
                </AD_Field>
                <AD_Field type="table">
                    <AD_Client_ID>0</AD_Client_ID>
                    <AD_Org_ID>0</AD_Org_ID>
                    <Name>BH_DefaultIncludedRole_UU</Name>
                    <Description/>
                    <Help/>
                    <AD_Tab_ID reference="uuid" reference-key="AD_Tab">6198ffad-d300-416c-8e19-70e069656cbb</AD_Tab_ID>
                    <AD_Column_ID reference="uuid" reference-key="AD_Column">f62f2def-c1d4-4ee6-845b-37df3519d66b</AD_Column_ID>
                    <IsDisplayed>N</IsDisplayed>
                    <DisplayLogic/>
                    <DisplayLength>36</DisplayLength>
                    <SeqNo>0</SeqNo>
                    <SortNo/>
                    <IsSameLine>N</IsSameLine>
                    <IsHeading>N</IsHeading>
                    <IsFieldOnly>N</IsFieldOnly>
                    <IsEncrypted>N</IsEncrypted>
                    <IsActive>Y</IsActive>
                    <IsReadOnly>N</IsReadOnly>
                    <IsCentrallyMaintained>Y</IsCentrallyMaintained>
                    <AD_FieldGroup_ID reference="id"/>
                    <EntityType>U</EntityType>
                    <ObscureType/>
                    <AD_Reference_ID reference="id"/>
                    <IsMandatory/>
                    <DefaultValue/>
                    <AD_Reference_Value_ID reference="id"/>
                    <AD_Val_Rule_ID reference="id"/>
                    <Included_Tab_ID reference="id"/>
                    <AD_Field_UU>bd6a3b40-d389-4778-a144-c39b3afa704a</AD_Field_UU>
                    <IsAllowCopy/>
                    <IsDisplayedGrid>N</IsDisplayedGrid>
                    <SeqNoGrid/>
                    <XPosition>1</XPosition>
                    <ColumnSpan>2</ColumnSpan>
                    <NumLines>1</NumLines>
                    <IsQuickEntry>N</IsQuickEntry>
                    <IsUpdateable/>
                    <IsAlwaysUpdateable/>
                    <MandatoryLogic/>
                    <ReadOnlyLogic/>
                    <IsToolbarButton/>
                    <IsDefaultFocus>N</IsDefaultFocus>
                    <IsAdvancedField>N</IsAdvancedField>
                    <VFormat/>
                    <AD_LabelStyle_ID reference="id"/>
                    <AD_FieldStyle_ID reference="id"/>
                    <IsQuickForm>N</IsQuickForm>
                    <Placeholder/>
                    <AD_Field_Trl type="translation">
                        <Help/>
                        <Description/>
                        <Name>BH_DefaultIncludedRole_UU</Name>
                        <Placeholder/>
                        <AD_Language>zh_CN</AD_Language>
                        <IsActive>Y</IsActive>
                        <IsTranslated>N</IsTranslated>
                    </AD_Field_Trl>
                </AD_Field>
                <AD_Field type="table">
                    <AD_Client_ID>0</AD_Client_ID>
                    <AD_Org_ID>0</AD_Org_ID>
                    <Name>Name</Name>
                    <Description>Alphanumeric identifier of the entity</Description>
                    <Help>The name of an entity (record) is used as an default search option in addition to the search key. The name is up to 60 characters in length.</Help>
                    <AD_Tab_ID reference="uuid" reference-key="AD_Tab">6198ffad-d300-416c-8e19-70e069656cbb</AD_Tab_ID>
                    <AD_Column_ID reference="uuid" reference-key="AD_Column">82f7b1b2-46ba-4142-8f03-a87b7cfab0c5</AD_Column_ID>
                    <IsDisplayed>N</IsDisplayed>
                    <DisplayLogic/>
                    <DisplayLength>60</DisplayLength>
                    <SeqNo>0</SeqNo>
                    <SortNo/>
                    <IsSameLine>N</IsSameLine>
                    <IsHeading>N</IsHeading>
                    <IsFieldOnly>N</IsFieldOnly>
                    <IsEncrypted>N</IsEncrypted>
                    <IsActive>Y</IsActive>
                    <IsReadOnly>N</IsReadOnly>
                    <IsCentrallyMaintained>Y</IsCentrallyMaintained>
                    <AD_FieldGroup_ID reference="id"/>
                    <EntityType>U</EntityType>
                    <ObscureType/>
                    <AD_Reference_ID reference="id"/>
                    <IsMandatory/>
                    <DefaultValue/>
                    <AD_Reference_Value_ID reference="id"/>
                    <AD_Val_Rule_ID reference="id"/>
                    <Included_Tab_ID reference="id"/>
                    <AD_Field_UU>9a6f6299-d986-4c19-81d3-18e514873029</AD_Field_UU>
                    <IsAllowCopy/>
                    <IsDisplayedGrid>Y</IsDisplayedGrid>
                    <SeqNoGrid>10</SeqNoGrid>
                    <XPosition>1</XPosition>
                    <ColumnSpan>5</ColumnSpan>
                    <NumLines>1</NumLines>
                    <IsQuickEntry>N</IsQuickEntry>
                    <IsUpdateable/>
                    <IsAlwaysUpdateable/>
                    <MandatoryLogic/>
                    <ReadOnlyLogic/>
                    <IsToolbarButton/>
                    <IsDefaultFocus>N</IsDefaultFocus>
                    <IsAdvancedField>N</IsAdvancedField>
                    <VFormat/>
                    <AD_LabelStyle_ID reference="id"/>
                    <AD_FieldStyle_ID reference="id"/>
                    <IsQuickForm>N</IsQuickForm>
                    <Placeholder/>
                    <AD_Field_Trl type="translation">
                        <Help>The name of an entity (record) is used as an default search option in addition to the search key. The name is up to 60 characters in length.</Help>
                        <Description>Alphanumeric identifier of the entity</Description>
                        <Name>Name</Name>
                        <Placeholder/>
                        <AD_Language>zh_CN</AD_Language>
                        <IsActive>Y</IsActive>
                        <IsTranslated>N</IsTranslated>
                    </AD_Field_Trl>
                </AD_Field>
                <AD_Field type="table">
                    <AD_Client_ID>0</AD_Client_ID>
                    <AD_Org_ID>0</AD_Org_ID>
                    <Name>Client</Name>
                    <Description>Client/Tenant for this installation.</Description>
                    <Help>A Client is a company or a legal entity. You cannot share data between Clients. Tenant is a synonym for Client.</Help>
                    <AD_Tab_ID reference="uuid" reference-key="AD_Tab">6198ffad-d300-416c-8e19-70e069656cbb</AD_Tab_ID>
                    <AD_Column_ID reference="uuid" reference-key="AD_Column">94468c98-b66f-4f4e-a6bc-d1d0c0ea08bd</AD_Column_ID>
                    <IsDisplayed>Y</IsDisplayed>
                    <DisplayLogic/>
                    <DisplayLength>22</DisplayLength>
                    <SeqNo>10</SeqNo>
                    <SortNo/>
                    <IsSameLine>N</IsSameLine>
                    <IsHeading>N</IsHeading>
                    <IsFieldOnly>N</IsFieldOnly>
                    <IsEncrypted>N</IsEncrypted>
                    <IsActive>Y</IsActive>
                    <IsReadOnly>N</IsReadOnly>
                    <IsCentrallyMaintained>Y</IsCentrallyMaintained>
                    <AD_FieldGroup_ID reference="id"/>
                    <EntityType>U</EntityType>
                    <ObscureType/>
                    <AD_Reference_ID reference="id"/>
                    <IsMandatory/>
                    <DefaultValue/>
                    <AD_Reference_Value_ID reference="id"/>
                    <AD_Val_Rule_ID reference="id"/>
                    <Included_Tab_ID reference="id"/>
                    <AD_Field_UU>b1414358-531f-4997-84f6-50b63993a1db</AD_Field_UU>
                    <IsAllowCopy/>
                    <IsDisplayedGrid>N</IsDisplayedGrid>
                    <SeqNoGrid/>
                    <XPosition>1</XPosition>
                    <ColumnSpan>2</ColumnSpan>
                    <NumLines>1</NumLines>
                    <IsQuickEntry>N</IsQuickEntry>
                    <IsUpdateable/>
                    <IsAlwaysUpdateable/>
                    <MandatoryLogic/>
                    <ReadOnlyLogic/>
                    <IsToolbarButton/>
                    <IsDefaultFocus>N</IsDefaultFocus>
                    <IsAdvancedField>N</IsAdvancedField>
                    <VFormat/>
                    <AD_LabelStyle_ID reference="id"/>
                    <AD_FieldStyle_ID reference="id"/>
                    <IsQuickForm>N</IsQuickForm>
                    <Placeholder/>
                    <AD_Field_Trl type="translation">
                        <Help>A Client is a company or a legal entity. You cannot share data between Clients. Tenant is a synonym for Client.</Help>
                        <Description>Client/Tenant for this installation.</Description>
                        <Name>Client</Name>
                        <Placeholder/>
                        <AD_Language>zh_CN</AD_Language>
                        <IsActive>Y</IsActive>
                        <IsTranslated>N</IsTranslated>
                    </AD_Field_Trl>
                </AD_Field>
                <AD_Field type="table">
                    <AD_Client_ID>0</AD_Client_ID>
                    <AD_Org_ID>0</AD_Org_ID>
                    <Name>Organization</Name>
                    <Description>Organizational entity within client</Description>
                    <Help>An organization is a unit of your client or legal entity - examples are store, department. You can share data between organizations.</Help>
                    <AD_Tab_ID reference="uuid" reference-key="AD_Tab">6198ffad-d300-416c-8e19-70e069656cbb</AD_Tab_ID>
                    <AD_Column_ID reference="uuid" reference-key="AD_Column">a06638f6-7697-48b2-8021-61eee18ccc24</AD_Column_ID>
                    <IsDisplayed>Y</IsDisplayed>
                    <DisplayLogic/>
                    <DisplayLength>22</DisplayLength>
                    <SeqNo>20</SeqNo>
                    <SortNo/>
                    <IsSameLine>N</IsSameLine>
                    <IsHeading>N</IsHeading>
                    <IsFieldOnly>N</IsFieldOnly>
                    <IsEncrypted>N</IsEncrypted>
                    <IsActive>Y</IsActive>
                    <IsReadOnly>N</IsReadOnly>
                    <IsCentrallyMaintained>Y</IsCentrallyMaintained>
                    <AD_FieldGroup_ID reference="id"/>
                    <EntityType>U</EntityType>
                    <ObscureType/>
                    <AD_Reference_ID reference="id"/>
                    <IsMandatory/>
                    <DefaultValue/>
                    <AD_Reference_Value_ID reference="id"/>
                    <AD_Val_Rule_ID reference="id"/>
                    <Included_Tab_ID reference="id"/>
                    <AD_Field_UU>8d4b062d-a173-42a1-b473-c1b00f1d3120</AD_Field_UU>
                    <IsAllowCopy>Y</IsAllowCopy>
                    <IsDisplayedGrid>N</IsDisplayedGrid>
                    <SeqNoGrid/>
                    <XPosition>4</XPosition>
                    <ColumnSpan>2</ColumnSpan>
                    <NumLines>1</NumLines>
                    <IsQuickEntry>N</IsQuickEntry>
                    <IsUpdateable/>
                    <IsAlwaysUpdateable/>
                    <MandatoryLogic/>
                    <ReadOnlyLogic/>
                    <IsToolbarButton/>
                    <IsDefaultFocus>N</IsDefaultFocus>
                    <IsAdvancedField>N</IsAdvancedField>
                    <VFormat/>
                    <AD_LabelStyle_ID reference="id"/>
                    <AD_FieldStyle_ID reference="id"/>
                    <IsQuickForm>N</IsQuickForm>
                    <Placeholder/>
                    <AD_Field_Trl type="translation">
                        <Help>An organization is a unit of your client or legal entity - examples are store, department. You can share data between organizations.</Help>
                        <Description>Organizational entity within client</Description>
                        <Name>Organization</Name>
                        <Placeholder/>
                        <AD_Language>zh_CN</AD_Language>
                        <IsActive>Y</IsActive>
                        <IsTranslated>N</IsTranslated>
                    </AD_Field_Trl>
                </AD_Field>
                <AD_Field type="table">
                    <AD_Client_ID>0</AD_Client_ID>
                    <AD_Org_ID>0</AD_Org_ID>
                    <Name>Description</Name>
                    <Description>Optional short description of the record</Description>
                    <Help>A description is limited to 255 characters.</Help>
                    <AD_Tab_ID reference="uuid" reference-key="AD_Tab">6198ffad-d300-416c-8e19-70e069656cbb</AD_Tab_ID>
                    <AD_Column_ID reference="uuid" reference-key="AD_Column">0b6d47bc-6dd5-4257-a99f-0b7ae69c1670</AD_Column_ID>
                    <IsDisplayed>Y</IsDisplayed>
                    <DisplayLogic/>
                    <DisplayLength>255</DisplayLength>
                    <SeqNo>30</SeqNo>
                    <SortNo/>
                    <IsSameLine>N</IsSameLine>
                    <IsHeading>N</IsHeading>
                    <IsFieldOnly>N</IsFieldOnly>
                    <IsEncrypted>N</IsEncrypted>
                    <IsActive>Y</IsActive>
                    <IsReadOnly>N</IsReadOnly>
                    <IsCentrallyMaintained>Y</IsCentrallyMaintained>
                    <AD_FieldGroup_ID reference="id"/>
                    <EntityType>U</EntityType>
                    <ObscureType/>
                    <AD_Reference_ID reference="id"/>
                    <IsMandatory/>
                    <DefaultValue/>
                    <AD_Reference_Value_ID reference="id"/>
                    <AD_Val_Rule_ID reference="id"/>
                    <Included_Tab_ID reference="id"/>
                    <AD_Field_UU>e85cfd16-6cb2-4156-ac22-e0da5a2d899a</AD_Field_UU>
                    <IsAllowCopy/>
                    <IsDisplayedGrid>Y</IsDisplayedGrid>
                    <SeqNoGrid>20</SeqNoGrid>
                    <XPosition>1</XPosition>
                    <ColumnSpan>5</ColumnSpan>
                    <NumLines>1</NumLines>
                    <IsQuickEntry>N</IsQuickEntry>
                    <IsUpdateable/>
                    <IsAlwaysUpdateable/>
                    <MandatoryLogic/>
                    <ReadOnlyLogic/>
                    <IsToolbarButton/>
                    <IsDefaultFocus>N</IsDefaultFocus>
                    <IsAdvancedField>N</IsAdvancedField>
                    <VFormat/>
                    <AD_LabelStyle_ID reference="id"/>
                    <AD_FieldStyle_ID reference="id"/>
                    <IsQuickForm>N</IsQuickForm>
                    <Placeholder/>
                    <AD_Field_Trl type="translation">
                        <Help>A description is limited to 255 characters.</Help>
                        <Description>Optional short description of the record</Description>
                        <Name>Description</Name>
                        <Placeholder/>
                        <AD_Language>zh_CN</AD_Language>
                        <IsActive>Y</IsActive>
                        <IsTranslated>N</IsTranslated>
                    </AD_Field_Trl>
                </AD_Field>
                <AD_Field type="table">
                    <AD_Client_ID>0</AD_Client_ID>
                    <AD_Org_ID>0</AD_Org_ID>
                    <Name>UserType</Name>
                    <Description>The User Type when a new client is created</Description>
                    <Help/>
                    <AD_Tab_ID reference="uuid" reference-key="AD_Tab">6198ffad-d300-416c-8e19-70e069656cbb</AD_Tab_ID>
                    <AD_Column_ID reference="uuid" reference-key="AD_Column">92e1f369-2422-4599-93e7-9e49d90fb94a</AD_Column_ID>
                    <IsDisplayed>Y</IsDisplayed>
                    <DisplayLogic/>
                    <DisplayLength>1</DisplayLength>
                    <SeqNo>40</SeqNo>
                    <SortNo/>
                    <IsSameLine>N</IsSameLine>
                    <IsHeading>N</IsHeading>
                    <IsFieldOnly>N</IsFieldOnly>
                    <IsEncrypted>N</IsEncrypted>
                    <IsActive>Y</IsActive>
                    <IsReadOnly>N</IsReadOnly>
                    <IsCentrallyMaintained>Y</IsCentrallyMaintained>
                    <AD_FieldGroup_ID reference="id"/>
                    <EntityType>U</EntityType>
                    <ObscureType/>
                    <AD_Reference_ID reference="id"/>
                    <IsMandatory/>
                    <DefaultValue>U</DefaultValue>
                    <AD_Reference_Value_ID reference="id"/>
                    <AD_Val_Rule_ID reference="id"/>
                    <Included_Tab_ID reference="id"/>
                    <AD_Field_UU>3a84e897-ee8d-4a07-9f87-7c156f5ec772</AD_Field_UU>
                    <IsAllowCopy/>
                    <IsDisplayedGrid>Y</IsDisplayedGrid>
                    <SeqNoGrid>40</SeqNoGrid>
                    <XPosition>1</XPosition>
                    <ColumnSpan>2</ColumnSpan>
                    <NumLines>1</NumLines>
                    <IsQuickEntry>N</IsQuickEntry>
                    <IsUpdateable/>
                    <IsAlwaysUpdateable/>
                    <MandatoryLogic/>
                    <ReadOnlyLogic/>
                    <IsToolbarButton/>
                    <IsDefaultFocus>N</IsDefaultFocus>
                    <IsAdvancedField>N</IsAdvancedField>
                    <VFormat/>
                    <AD_LabelStyle_ID reference="id"/>
                    <AD_FieldStyle_ID reference="id"/>
                    <IsQuickForm>N</IsQuickForm>
                    <Placeholder/>
                    <AD_Field_Trl type="translation">
                        <Help/>
                        <Description>The User Type when a new client is created</Description>
                        <Name>UserType</Name>
                        <Placeholder/>
                        <AD_Language>zh_CN</AD_Language>
                        <IsActive>Y</IsActive>
                        <IsTranslated>N</IsTranslated>
                    </AD_Field_Trl>
                </AD_Field>
                <AD_Field type="table">
                    <AD_Client_ID>0</AD_Client_ID>
                    <AD_Org_ID>0</AD_Org_ID>
                    <Name>Included Role</Name>
                    <Description/>
                    <Help/>
                    <AD_Tab_ID reference="uuid" reference-key="AD_Tab">6198ffad-d300-416c-8e19-70e069656cbb</AD_Tab_ID>
                    <AD_Column_ID reference="uuid" reference-key="AD_Column">4f8da42f-2327-4e9b-91bd-143c265a00e9</AD_Column_ID>
                    <IsDisplayed>Y</IsDisplayed>
                    <DisplayLogic/>
                    <DisplayLength>10</DisplayLength>
                    <SeqNo>50</SeqNo>
                    <SortNo/>
                    <IsSameLine>N</IsSameLine>
                    <IsHeading>N</IsHeading>
                    <IsFieldOnly>N</IsFieldOnly>
                    <IsEncrypted>N</IsEncrypted>
                    <IsActive>Y</IsActive>
                    <IsReadOnly>N</IsReadOnly>
                    <IsCentrallyMaintained>Y</IsCentrallyMaintained>
                    <AD_FieldGroup_ID reference="id"/>
                    <EntityType>U</EntityType>
                    <ObscureType/>
                    <AD_Reference_ID reference="id"/>
                    <IsMandatory/>
                    <DefaultValue/>
                    <AD_Reference_Value_ID reference="id"/>
                    <AD_Val_Rule_ID reference="id"/>
                    <Included_Tab_ID reference="id"/>
                    <AD_Field_UU>81ee9cc9-a399-4d0f-be58-14cf5a99b263</AD_Field_UU>
                    <IsAllowCopy/>
                    <IsDisplayedGrid>Y</IsDisplayedGrid>
                    <SeqNoGrid>60</SeqNoGrid>
                    <XPosition>4</XPosition>
                    <ColumnSpan>2</ColumnSpan>
                    <NumLines>1</NumLines>
                    <IsQuickEntry>N</IsQuickEntry>
                    <IsUpdateable/>
                    <IsAlwaysUpdateable/>
                    <MandatoryLogic/>
                    <ReadOnlyLogic/>
                    <IsToolbarButton/>
                    <IsDefaultFocus>N</IsDefaultFocus>
                    <IsAdvancedField>N</IsAdvancedField>
                    <VFormat/>
                    <AD_LabelStyle_ID reference="id"/>
                    <AD_FieldStyle_ID reference="id"/>
                    <IsQuickForm>N</IsQuickForm>
                    <Placeholder/>
                    <AD_Field_Trl type="translation">
                        <Help/>
                        <Description/>
                        <Name>Included Role</Name>
                        <Placeholder/>
                        <AD_Language>zh_CN</AD_Language>
                        <IsActive>Y</IsActive>
                        <IsTranslated>N</IsTranslated>
                    </AD_Field_Trl>
                </AD_Field>
                <AD_Field type="table">
                    <AD_Client_ID>0</AD_Client_ID>
                    <AD_Org_ID>0</AD_Org_ID>
                    <Name>Active</Name>
                    <Description>The record is active in the system</Description>
                    <Help>There are two methods of making records unavailable in the system: One is to delete the record, the other is to de-activate the record. A de-activated record is not available for selection, but available for reports.
There are two reasons for de-activating and not deleting records:
(1) The system requires the record for audit purposes.
(2) The record is referenced by other records. E.g., you cannot delete a Business Partner, if there are invoices for this partner record existing. You de-activate the Business Partner and prevent that this record is used for future entries.</Help>
                    <AD_Tab_ID reference="uuid" reference-key="AD_Tab">6198ffad-d300-416c-8e19-70e069656cbb</AD_Tab_ID>
                    <AD_Column_ID reference="uuid" reference-key="AD_Column">1ecce994-f337-403e-be15-71199292b279</AD_Column_ID>
                    <IsDisplayed>Y</IsDisplayed>
                    <DisplayLogic/>
                    <DisplayLength>1</DisplayLength>
                    <SeqNo>60</SeqNo>
                    <SortNo/>
                    <IsSameLine>N</IsSameLine>
                    <IsHeading>N</IsHeading>
                    <IsFieldOnly>N</IsFieldOnly>
                    <IsEncrypted>N</IsEncrypted>
                    <IsActive>Y</IsActive>
                    <IsReadOnly>N</IsReadOnly>
                    <IsCentrallyMaintained>Y</IsCentrallyMaintained>
                    <AD_FieldGroup_ID reference="id"/>
                    <EntityType>U</EntityType>
                    <ObscureType/>
                    <AD_Reference_ID reference="id"/>
                    <IsMandatory/>
                    <DefaultValue/>
                    <AD_Reference_Value_ID reference="id"/>
                    <AD_Val_Rule_ID reference="id"/>
                    <Included_Tab_ID reference="id"/>
                    <AD_Field_UU>75c09633-95fd-44bf-9652-abaa17cdcd3b</AD_Field_UU>
                    <IsAllowCopy/>
                    <IsDisplayedGrid>Y</IsDisplayedGrid>
                    <SeqNoGrid>50</SeqNoGrid>
                    <XPosition>2</XPosition>
                    <ColumnSpan>2</ColumnSpan>
                    <NumLines>1</NumLines>
                    <IsQuickEntry>N</IsQuickEntry>
                    <IsUpdateable/>
                    <IsAlwaysUpdateable/>
                    <MandatoryLogic/>
                    <ReadOnlyLogic/>
                    <IsToolbarButton/>
                    <IsDefaultFocus>N</IsDefaultFocus>
                    <IsAdvancedField>N</IsAdvancedField>
                    <VFormat/>
                    <AD_LabelStyle_ID reference="id"/>
                    <AD_FieldStyle_ID reference="id"/>
                    <IsQuickForm>N</IsQuickForm>
                    <Placeholder/>
                    <AD_Field_Trl type="translation">
                        <Help>There are two methods of making records unavailable in the system: One is to delete the record, the other is to de-activate the record. A de-activated record is not available for selection, but available for reports.
There are two reasons for de-activating and not deleting records:
(1) The system requires the record for audit purposes.
(2) The record is referenced by other records. E.g., you cannot delete a Business Partner, if there are invoices for this partner record existing. You de-activate the Business Partner and prevent that this record is used for future entries.</Help>
                        <Description>The record is active in the system</Description>
                        <Name>Active</Name>
                        <Placeholder/>
                        <AD_Language>zh_CN</AD_Language>
                        <IsActive>Y</IsActive>
                        <IsTranslated>N</IsTranslated>
                    </AD_Field_Trl>
                </AD_Field>
            </AD_Tab>
        </AD_Window>
    </AD_Menu>
</idempiere>
